Workbook

Sheet South Goa
A1: Sr. No | B1: District | C1: Council | D1: Order Issue Date | E1: Ward Boundary Mapping | F1: Digitlisation Of Polygon | G1: Generation of UPIC Number | H1: NIC Record Property | I1: UPIC | J1: NIC Property | K1: Suspected New | L1: Total Survey | M1: Remaining Survey | N1: Kolbro Representative | O1: Completed % of Registered Unit | P1: Work Status | Q1: GIS Link
A2: 1 | B2: South Goa | C2: Mormugao | D2: 45503 | E2: Completed | F2: Completed | G2: Completed | H2: 33479 | I2: =SUM(Mormugao!F2:F26) -> 35698 | J2: =SUM(Mormugao!G2:G26) -> 25474 | K2: =L2-J2 -> 7725 | L2: =SUM(Mormugao!I2:I26) -> 33199 | M2: =I2-L2 -> 2499 | N2: Madhav K. +Parvat T. + Praksh S. | O2: =ROUND(L2/I2*100, 0) -> 93 | P2: 16 ward assessment registers are submitted to council for validation | Q2: https://www.google.com/maps/d/u/0/edit?mid=1MlDbm3RMj5m2n2z2dzAuj8p382jbyas&usp=sharing
A3: 2 | B3: South Goa | C3: Ponda | D3: 45559 | E3: Completed | F3: Completed | G3: Completed | H3: 13251 | I3: =SUM(Ponda!F2:F16) -> 15192 | J3: =SUM(Ponda!G2:G16) -> 12149 | K3: =L3-J3 -> 2125 | L3: =SUM(Ponda!I2:I16) -> 14274 | M3: =I3-L3 -> 918 | N3: Dinesh Bopche + Akshay B. | O3: =ROUND(L3/I3*100, 0) -> 94 | P3: 11 ward assessment registers are submitted to council for validation | Q3: https://www.google.com/maps/d/u/0/edit?mid=1zqCDRhTeoiu5Ue0FM3cobrsZ0l3-558&usp=sharing
A4: 3 | B4: South Goa | C4: Quepem | D4: 45530 | E4: Completed | F4: Completed | G4: Completed | H4: 5908 | I4: =SUM(Quepem!F2:F14) -> 7186 | J4: =SUM(Quepem!G2:G14) -> 5610 | K4: =L4-J4 -> 980 | L4: =SUM(Quepem!I2:I14) -> 6590 | M4: =I4-L4 -> 596 | N4: Prashant Lakde | O4: =ROUND(L4/I4*100, 0) -> 92 | P4: 4 ward assessment registers are submitted to council for validation | Q4: https://www.google.com/maps/d/u/0/edit?mid=1mMphf7DexdHIE-11vv-VVQTv0Oup3iU&usp=sharing
A5: 4 | B5: South Goa | C5: Margao | D5: 45576 | E5: Completed | F5: Completed | G5: Completed | H5: 58975 | I5: =SUM(Margao!F2:F26) -> 66193 | J5: =SUM(Margao!G2:G26) -> 51053 | K5: =L5-J5 -> 9950 | L5: =SUM(Margao!I2:I26) -> 61003 | M5: =I5-L5 -> 5190 | N5: Nikesh Dondi+Ashish K. | O5: =ROUND(L5/I5*100, 0) -> 92 | P5: 15 ward assessment registers are submitted to council for validation | Q5: https://www.google.com/maps/d/u/0/edit?mid=1OoJDJWYrLoM_04i1zQ9GnlfwCSnYoMw&usp=sharing
A6: 5 | B6: South Goa | C6: Sanguem | D6: 45618 | E6: Completed | F6: Completed | G6: Completed | H6: 1855 | I6: =SUM(Sanguem!F2:F11) -> 2586 | J6: =SUM(Sanguem!G2:G11) -> 1730 | K6: =L6-J6 -> 656 | L6: =SUM(Sanguem!I2:I11) -> 2386 | M6: =I6-L6 -> 200 | N6: Tekeshwar Chaudhari | O6: =ROUND(L6/I6*100, 0) -> 92 | P6: 6 ward assessment registers are submitted to council for validation | Q6: https://www.google.com/maps/d/u/0/edit?mid=1j2yKe4iTj4hZUwS0E0ohXjkbmCp5rQo&usp=sharing
A7: 6 | B7: South Goa | C7: Curchorem- Cacora | D7: 45630 | E7: Completed | F7: Completed | G7: Completed | H7: 7775 | I7: =SUM('Curchorem-Cacora'!F2:F16) -> 8819 | J7: =SUM('Curchorem-Cacora'!G2:G16) -> 5096 | K7: =L7-J7 -> 1248 | L7: =SUM('Curchorem-Cacora'!I2:I16) -> 6344 | M7: =I7-L7 -> 2475 | N7: Rahul Musale + Yogesh Hatekar | O7: =ROUND(L7/I7*100, 0) -> 72 | P7: Revisit of door locked properties is going on | Q7: https://www.google.com/maps/d/u/0/edit?mid=1l1KsPVAtbhr0CT0RVfSAaiH38QFepto&usp=sharing
A8: 7 | B8: South Goa | C8: Canacona | D8: 45625 | E8: Completed | F8: Completed | G8: Completed | H8: 5879 | I8: =SUM(Canacona!F2:F13) -> 7159 | J8: =SUM(Canacona!G2:G13) -> 5481 | K8: =L8-J8 -> 1135 | L8: =SUM(Canacona!I2:I13) -> 6616 | M8: =I8-L8 -> 543 | N8: Kartik Bisen | O8: =ROUND(L8/I8*100, 0) -> 92 | P8: 9 ward assessment registers are submitted to council for validation | Q8: https://www.google.com/maps/d/u/0/edit?mid=1JvMNmQrAK9ba17EG1VYHsRPb8ci-Uao&usp=sharing
A9: 8 | B9: South Goa | C9: Cuncolim | D9: 45664 | E9: Completed | F9: Completed | G9: Completed | H9: 6671 | I9: =SUM(Cuncolim!F2:F15) -> 7713 | J9: =SUM(Cuncolim!G2:G15) -> 5699 | K9: =L9-J9 -> 1169 | L9: =SUM(Cuncolim!I2:I15) -> 6868 | M9: =I9-L9 -> 845 | N9: Sunil Dumane | O9: =ROUND(L9/I9*100, 0) -> 89 | P9: 6 ward assessment registers are submitted to council for validation | Q9: https://www.google.com/maps/d/u/0/edit?mid=10Ri7WIFDr-ZZ79tw6H6Mr_aGpDjOwbs&usp=sharing
A10: TOTAL | H10: =SUM(H2:H9) -> 133793 | I10: =SUM(I2:I9) -> 150546 | J10: =SUM(J2:J9) -> 112292 | K10: =SUM(K2:K9) -> 24988 | L10: =SUM(L2:L9) -> 137280 | M10: =SUM(M2:M9) -> 13266 | N10: =SUM(N2:N9) -> 0 | O10: =ROUND(L10/I10*100, 0) -> 91

Sheet Mormugao
A1: Sr No. | B1: Ward No | C1: Ward Boundary Mapping | D1: Digitlisation Of Polygon | E1: Generation of UPIC Number | F1: UPIC | G1: NIC Property | H1: Suspected New | I1: Total Survey | J1: Remark
A2: 1 | B2: 1 | C2: Completed | D2: Completed | E2: Completed | F2: 2123 | G2: 1512 | H2: =I2-G2 -> 256 | I2: 1768 | J2: Numbering & Survey work is going on
A3: 2 | B3: 2 | C3: Completed | D3: Completed | E3: Completed | F3: 1322 | G3: 222 | H3: =I3-G3 -> 45 | I3: 267 | J3: Property numbering work is going on (UPIC)
A4: 3 | B4: 3 | C4: Completed | D4: Completed | E4: Completed | F4: 988 | G4: 133 | H4: =I4-G4 -> 1 | I4: 134 | J4: Property numbering work is going on (UPIC)
A5: 4 | B5: 4 | C5: Completed | D5: Completed | E5: Completed | F5: 2027 | G5: 1433 | H5: =I5-G5 -> 379 | I5: 1812 | J5: Numbering Completed & Survey work is going on
A6: 5 | B6: 5 | C6: Completed | D6: Completed | E6: Completed | F6: 1025 | G6: 687 | H6: =I6-G6 -> 265 | I6: 952 | J6: Assessment register submitted to council for Validation
A7: 6 | B7: 6 | C7: Completed | D7: Completed | E7: Completed | F7: 1006 | G7: 788 | H7: =I7-G7 -> 186 | I7: 974 | J7: Numbering Completed & Survey work is going on
A8: 7 | B8: 7 | C8: Completed | D8: Completed | E8: Completed | F8: 1093 | G8: 756 | H8: =I8-G8 -> 304 | I8: 1060 | J8: Assessment register submitted to council for Validation
A9: 8 | B9: 8 | C9: Completed | D9: Completed | E9: Completed | F9: 868 | G9: 472 | H9: =I9-G9 -> 361 | I9: 833 | J9: Assessment register submitted to council for Validation
A10: 9 | B10: 9 | C10: Completed | D10: Completed | E10: Completed | F10: 632 | G10: 513 | H10: =I10-G10 -> 235 | I10: 748 | J10: Assessment register submitted to council for Validation
A11: 10 | B11: 10 | C11: Completed | D11: Completed | E11: Completed | F11: 744 | G11: 525 | H11: =I11-G11 -> 243 | I11: 768 | J11: Assessment register submitted to council for Validation
A12: 11 | B12: 11 | C12: Completed | D12: Completed | E12: Completed | F12: 957 | G12: 734 | H12: =I12-G12 -> 367 | I12: 1101 | J12: Assessment register submitted to council for Validation
A13: 12 | B13: 12 | C13: Completed | D13: Completed | E13: Completed | F13: 1703 | G13: 1345 | H13: =I13-G13 -> 288 | I13: 1633 | J13: Numbering work is completed & Survey work is going on
... A26: 25 | B26: 25 | C26: Completed | D26: Completed | E26: Completed | F26: 1801 | G26: 1466 | H26: =I26-G26 -> 289 | I26: 1755 | J26: Property survey work is going on

Sheet Ponda
A1: Sr No | B1: Ward No | C1: Ward Boundary Mapping | D1: Digitlisation Of Polygon | E1: Generation of UPIC Number | F1: UPIC | G1: NIC Property | H1: Suspected New | I1: Total Survey | J1: Remark
A2: 1 | B2: 1 | C2: Completed | D2: Completed | E2: Completed | F2: 922 | G2: 712 | H2: =I2-G2 -> 113 | I2: 825 | J2: Numbering and Survey Completed & Revisit of door lock properties going on
A3: 2 | B3: 2 | C3: Completed | D3: Completed | E3: Completed | F3: 1132 | G3: 867 | H3: =I3-G3 -> 146 | I3: 1013 | J3: Numbering and Survey Completed & Revisit of door lock properties going on
A4: 3 | B4: 3 | C4: Completed | D4: Completed | E4: Completed | F4: 3453 | G4: 2927 | H4: =I4-G4 -> 465 | I4: 3392 | J4: Assessment register submitted to council for Validation
A5: 4 | B5: 4 | C5: Completed | D5: Completed | E5: Completed | F5: 1385 | G5: 1038 | H5: =I5-G5 -> 159 | I5: 1197 | J5: Assessment register submitted to council for Validation
A6: 5 | B6: 5 | C6: Completed | D6: Completed | E6: Completed | F6: 1162 | G6: 741 | H6: =I6-G6 -> 265 | I6: 1006 | J6: Assessment register submitted to council for Validation
A7: 6 | B7: 6 | C7: Completed | D7: Completed | E7: Completed | F7: 719 | G7: 633 | H7: =I7-G7 -> 114 | I7: 747 | J7: Assessment register submitted to council for Validation
A8: 7 | B8: 7 | C8: Completed | D8: Completed | E8: Completed | F8: 451 | G8: 423 | H8: =I8-G8 -> 19 | I8: 442 | J8: Assessment register submitted to council for Validation
A9: 8 | B9: 8 | C9: Completed | D9: Completed | E9: Completed | F9: 801 | G9: 697 | H9: =I9-G9 -> 84 | I9: 781 | J9: Assessment register submitted to council for Validation
A10: 9 | B10: 9 | C10: Completed | D10: Completed | E10: Completed | F10: 980 | G10: 745 | H10: =I10-G10 -> 68 | I10: 813 | J10: Assessment register submitted to council for Validation
A11: 10 | B11: 10 | C11: Completed | D11: Completed | E11: Completed | F11: 1020 | G11: 832 | H11: =I11-G11 -> 160 | I11: 992 | J11: Assessment register submitted to council for Validation
A12: 11 | B12: 11 | C12: Completed | D12: Completed | E12: Completed | F12: 892 | G12: 712 | H12: =I12-G12 -> 110 | I12: 822 | J12: Numbering and Survey Completed & Revisit of door lock properties going on
A13: 12 | B13: 12 | C13: Completed | D13: Completed | E13: Completed | F13: 631 | G13: 552 | H13: =I13-G13 -> 113 | I13: 665 | J13: Numbering and Survey Completed & Revisit of door lock properties going on
... A16: 15 | B16: 15 | C16: Completed | D16: Completed | E16: Completed | F16: 701 | G16: 514 | H16: =I16-G16 -> 113 | I16: 627 | J16: Assessment register submitted to council for Validation

Sheet Quepem
A1: Sr No | B1: Ward No | C1: Ward Boundary Mapping | D1: Digitlisation Of Polygon | E1: Generation of UPIC Number | F1: UPIC | G1: NIC Property | H1: Suspected New | I1: Total Survey | J1: Remark
A2: 1 | B2: 1 | C2: Completed | D2: Completed | E2: Completed | F2: 149 | G2: 119 | H2: =I2-G2 -> 16 | I2: 135 | J2: Assessment register submitted to council for Validation
A3: 2 | B3: 2 | C3: Completed | D3: Completed | E3: Completed | F3: 714 | G3: 514 | H3: =I3-G3 -> 134 | I3: 648 | J3: Assessment register submitted to council for Validation
A4: 3 | B4: 3 | C4: Completed | D4: Completed | E4: Completed | F4: 389 | G4: 278 | H4: =I4-G4 -> 97 | I4: 375 | J4: Assessment register submitted to council for Validation
A5: 4 | B5: 4 | C5: Completed | D5: Completed | E5: Completed | F5: 289 | G5: 201 | H5: =I5-G5 -> 42 | I5: 243 | J5: Assessment register submitted to council for Validation
A6: 5 | B6: 5 | C6: Completed | D6: Completed | E6: Completed | F6: 576 | G6: 399 | H6: =I6-G6 -> 67 | I6: 466 | J6: Assessment register submitted to council for Validation
A7: 6 | B7: 6 | C7: Completed | D7: Completed | E7: Completed | F7: 1146 | G7: 932 | H7: =I7-G7 -> 180 | I7: 1112 | J7: Survey Completed & Revisit of door lock properties going on
A8: 7 | B8: 7 | C8: Completed | D8: Completed | E8: Completed | F8: 752 | G8: 621 | H8: =I8-G8 -> 82 | I8: 703 | J8: Survey Completed & Revisit of door lock properties going on
A9: 8 | B9: 8 | C9: Completed | D9: Completed | E9: Completed | F9: 633 | G9: 555 | H9: =I9-G9 -> 63 | I9: 618 | J9: Survey Completed & Revisit of door lock properties going on
A10: 9 | B10: 9 | C10: Completed | D10: Completed | E10: Completed | F10: 843 | G10: 732 | H10: =I10-G10 -> 108 | I10: 840 | J10: Survey Completed & Revisit of door lock properties going on
A11: 10 | B11: 10 | C11: Completed | D11: Completed | E11: Completed | F11: 421 | G11: 354 | H11: =I11-G11 -> 48 | I11: 402 | J11: Survey Completed & Revisit of door lock properties going on
A12: 11 | B12: 11 | C12: Completed | D12: Completed | E12: Completed | F12: 250 | G12: 210 | H12: =I12-G12 -> 27 | I12: 237 | J12: Survey Completed & Revisit of door lock properties going on
A13: 12 | B13: 12 | C13: Completed | D13: Completed | E13: Completed | F13: 364 | G13: 182 | H13: =I13-G13 -> 31 | I13: 213 | J13: Survey Completed & Revisit of door lock properties going on
A14: 13 | B14: 13 | C14: Completed | D14: Completed | E14: Completed | F14: 660 | G14: 513 | H14: =I14-G14 -> 85 | I14: 598 | J14: Survey Completed & Revisit of door lock properties going on

Sheet Margao
A1: Sr. No | B1: Ward No | C1: Ward Boundary Mapping | D1: Digitlisation Of Polygon | E1: Generation of UPIC Number | F1: UPIC | G1: NIC Property | H1: Suspected New | I1: Total Survey | J1: Remark
A2: 1 | B2: 1 | C2: Completed | D2: Completed | E2: Completed | F2: 2406 | G2: 1923 | H2: =I2-G2 -> 547 | I2: 2470 | J2: Assessment register submitted to council for Validation
A3: 2 | B3: 2 | C3: Completed | D3: Completed | E3: Completed | F3: 3732 | G3: 2868 | H3: =I3-G3 -> 517 | I3: 3385 | J3: Assessment register submitted to council for Validation
A4: 3 | B4: 3 | C4: Completed | D4: Completed | E4: Completed | F4: 2044 | G4: 1678 | H4: =I4-G4 -> 254 | I4: 1932 | J4: Numbering Completed & Survey work is going on
A5: 4 | B5: 4 | C5: Completed | D5: Completed | E5: Completed | F5: 3091 | G5: 2570 | H5: =I5-G5 -> 449 | I5: 3019 | J5: Assessment register submitted to council for Validation
A6: 5 | B6: 5 | C6: Completed | D6: Completed | E6: Completed | F6: 2772 | G6: 2254 | H6: =I6-G6 -> 344 | I6: 2598 | J6: Assessment register submitted to council for Validation
A7: 6 | B7: 6 | C7: Completed | D7: Completed | E7: Completed | F7: 2110 | G7: 1623 | H7: =I7-G7 -> 300 | I7: 1923 | J7: Numbering Completed & Survey work is going on
A8: 7 | B8: 7 | C8: Completed | D8: Completed | E8: Completed | F8: 3613 | G8: 2988 | H8: =I8-G8 -> 401 | I8: 3389 | J8: Assessment register submitted to council for Validation
A9: 8 | B9: 8 | C9: Completed | D9: Completed | E9: Completed | F9: 2359 | G9: 1677 | H9: =I9-G9 -> 236 | I9: 1913 | J9: Numbering Completed & Survey work is going on
A10: 9 | B10: 9 | C10: Completed | D10: Completed | E10: Completed | F10: 3437 | G10: 2780 | H10: =I10-G10 -> 332 | I10: 3112 | J10: Numbering Completed & Survey work is going on
A11: 10 | B11: 10 | C11: Completed | D11: Completed | E11: Completed | F11: 2139 | G11: 1712 | H11: =I11-G11 -> 191 | I11: 1903 | J11: Numbering Completed & Survey work is going on
A12: 11 | B12: 11 | C12: Completed | D12: Completed | E12: Completed | F12: 2084 | G12: 1679 | H12: =I12-G12 -> 188 | I12: 1867 | J12: Numbering Completed & Survey work is going on
A13: 12 | B13: 12 | C13: Completed | D13: Completed | E13: Completed | F13: 1601 | G13: 1168 | H13: =I13-G13 -> 409 | I13: 1577 | J13: Assessment register submitted to council for Validation
... A26: 25 | B26: 25 | C26: Completed | D26: Completed | E26: Completed | F26: 2554 | G26: 2112 | H26: =I26-G26 -> 236 | I26: 2348 | J26: Assessment register submitted to council for Validation

Sheet Sanguem
A1: Sr No | B1: Ward No | C1: Ward Boundary Mapping | D1: Digitlisation Of Polygon | E1: Generation of UPIC Number | F1: UPIC | G1: NIC Property | H1: Suspected New | I1: Total Survey | J1: Remark
A2: 1 | B2: 1 | C2: Completed | D2: Completed | E2: Completed | F2: 235 | G2: 155 | H2: =I2-G2 -> 53 | I2: 208 | J2: Numbering Completed & Survey work is going on
A3: 2 | B3: 2 | C3: Completed | D3: Completed | E3: Completed | F3: 341 | G3: 212 | H3: =I3-G3 -> 131 | I3: 343 | J3: Numbering Completed & Survey work is going on
A4: 3 | B4: 3 | C4: Completed | D4: Completed | E4: Completed | F4: 363 | G4: 185 | H4: =I4-G4 -> 91 | I4: 276 | J4: Numbering Completed & Survey work is going on
A5: 4 | B5: 4 | C5: Completed | D5: Completed | E5: Completed | F5: 333 | G5: 240 | H5: =I5-G5 -> 95 | I5: 335 | J5: Assessment register submitted to council for Validation
A6: 5 | B6: 5 | C6: Completed | D6: Completed | E6: Completed | F6: 166 | G6: 144 | H6: =I6-G6 -> 13 | I6: 157 | J6: Assessment register submitted to council for Validation
A7: 6 | B7: 6 | C7: Completed | D7: Completed | E7: Completed | F7: 194 | G7: 146 | H7: =I7-G7 -> 23 | I7: 169 | J7: Assessment register submitted to council for Validation
A8: 7 | B8: 7 | C8: Completed | D8: Completed | E8: Completed | F8: 272 | G8: 198 | H8: =I8-G8 -> 64 | I8: 262 | J8: Assessment register submitted to council for Validation
A9: 8 | B9: 8 | C9: Completed | D9: Completed | E9: Completed | F9: 271 | G9: 174 | H9: =I9-G9 -> 71 | I9: 245 | J9: Assessment register submitted to council for Validation
A10: 9 | B10: 9 | C10: Completed | D10: Completed | E10: Completed | F10: 102 | G10: 81 | H10: =I10-G10 -> 16 | I10: 97 | J10: Assessment register submitted to council for Validation
A11: 10 | B11: 10 | C11: Completed | D11: Completed | E11: Completed | F11: 309 | G11: 195 | H11: =I11-G11 -> 99 | I11: 294 | J11: Numbering Completed & Survey work is going on

Sheet Curchorem-Cacora
A1: Sr No | B1: Ward No | C1: Ward Boundary Mapping | D1: Digitlisation Of Polygon | E1: Generation of UPIC Number | F1: UPIC | G1: NIC Property | H1: Suspected New | I1: Total Survey | J1: Remark
A2: 1 | B2: 1 | C2: Completed | D2: Completed | E2: Completed | F2: 342 | G2: 275 | H2: =I2-G2 -> 48 | I2: 323 | J2: Numbering completed & Survey work is going on
A3: 2 | B3: 2 | C3: Completed | D3: Completed | E3: Completed | F3: 378 | G3: 287 | H3: =I3-G3 -> 55 | I3: 342 | J3: Numbering & Survey is Completed
A4: 3 | B4: 3 | C4: Completed | D4: Completed | E4: Completed | F4: 1802 | G4: 1323 | H4: =I4-G4 -> 364 | I4: 1687 | J4: Numbering completed & Survey work is going on
A5: 4 | B5: 4 | C5: Completed | D5: Completed | E5: Completed | F5: 617 | G5: 412 | H5: =I5-G5 -> 122 | I5: 534 | J5: Numbering completed & Survey work is going on
A6: 5 | B6: 5 | C6: Completed | D6: Completed | E6: Completed | F6: 648 | G6: 422 | H6: =I6-G6 -> 154 | I6: 576 | J6: Numbering completed & Survey work is going on
A7: 6 | B7: 6 | C7: Completed | D7: Completed | E7: Completed | F7: 577 | G7: 357 | H7: =I7-G7 -> 66 | I7: 423 | J7: Property numbering & Survey work is going on (UPIC)
A8: 7 | B8: 7 | C8: Completed | D8: Completed | E8: Completed | F8: 270 | G8: 45 | H8: =I8-G8 -> 32 | I8: 77 | J8: Property numbering & Survey work is going on (UPIC)
A9: 8 | B9: 8 | C9: Completed | D9: Completed | E9: Completed | F9: 185 | G9: 32 | H9: =I9-G9 -> 0 | I9: 32 | J9: Property numbering & Survey work is going on (UPIC)
A10: 9 | B10: 9 | C10: Completed | D10: Completed | E10: Completed | F10: 512 | G10: 108 | H10: =I10-G10 -> 4 | I10: 112 | J10: Property numbering & Survey work is going on (UPIC)
A11: 10 | B11: 10 | C11: Completed | D11: Completed | E11: Completed | F11: 403 | G11: 85 | H11: =I11-G11 -> 0 | I11: 85 | J11: Property numbering & Survey work is going on (UPIC)
A12: 11 | B12: 11 | C12: Completed | D12: Completed | E12: Completed | F12: 376 | G12: 12 | H12: =I12-G12 -> 1 | I12: 13 | J12: Property numbering & Survey work is going on (UPIC)
A13: 12 | B13: 12 | C13: Completed | D13: Completed | E13: Completed | F13: 753 | G13: 398 | H13: =I13-G13 -> 116 | I13: 514 | J13: Property numbering & Survey work is going on (UPIC)
... A16: 15 | B16: 15 | C16: Completed | D16: Completed | E16: Completed | F16: 655 | G16: 495 | H16: =I16-G16 -> 107 | I16: 602 | J16: Numbering & Survey is Completed

Sheet Canacona
A1: Sr No | B1: Ward No | C1: Ward Boundary Mapping | D1: Digitlisation Of Polygon | E1: Generation of UPIC Number | F1: UPIC | G1: NIC Property | H1: Suspected New | I1: Total Survey | J1: Remark
A2: 1 | B2: 1 | C2: Completed | D2: Completed | E2: Completed | F2: 705 | G2: 512 | H2: =I2-G2 -> 133 | I2: 645 | J2: Numbering and Survey Completed & Revisit of door lock properties going on
A3: 2 | B3: 2 | C3: Completed | D3: Completed | E3: Completed | F3: 1382 | G3: 992 | H3: =I3-G3 -> 197 | I3: 1189 | J3: Numbering and Survey Completed & Revisit of door lock properties going on
A4: 3 | B4: 3 | C4: Completed | D4: Completed | E4: Completed | F4: 511 | G4: 387 | H4: =I4-G4 -> 80 | I4: 467 | J4: Assessment register submitted to council for Validation
A5: 4 | B5: 4 | C5: Completed | D5: Completed | E5: Completed | F5: 362 | G5: 256 | H5: =I5-G5 -> 58 | I5: 314 | J5: Assessment register submitted to council for Validation
A6: 5 | B6: 5 | C6: Completed | D6: Completed | E6: Completed | F6: 481 | G6: 351 | H6: =I6-G6 -> 73 | I6: 424 | J6: Assessment register submitted to council for Validation
A7: 6 | B7: 6 | C7: Completed | D7: Completed | E7: Completed | F7: 267 | G7: 189 | H7: =I7-G7 -> 30 | I7: 219 | J7: Assessment register submitted to council for Validation
A8: 7 | B8: 7 | C8: Completed | D8: Completed | E8: Completed | F8: 625 | G8: 498 | H8: =I8-G8 -> 112 | I8: 610 | J8: Assessment register submitted to council for Validation
A9: 8 | B9: 8 | C9: Completed | D9: Completed | E9: Completed | F9: 750 | G9: 634 | H9: =I9-G9 -> 104 | I9: 738 | J9: Numbering and Survey Completed & Revisit of door lock properties going on
A10: 9 | B10: 9 | C10: Completed | D10: Completed | E10: Completed | F10: 695 | G10: 584 | H10: =I10-G10 -> 95 | I10: 679 | J10: Assessment register submitted to council for Validation
A11: 10 | B11: 10 | C11: Completed | D11: Completed | E11: Completed | F11: 460 | G11: 395 | H11: =I11-G11 -> 80 | I11: 475 | J11: Assessment register submitted to council for Validation
A12: 11 | B12: 11 | C12: Completed | D12: Completed | E12: Completed | F12: 604 | G12: 443 | H12: =I12-G12 -> 121 | I12: 564 | J12: Assessment register submitted to council for Validation
A13: 12 | B13: 12 | C13: Completed | D13: Completed | E13: Completed | F13: 317 | G13: 240 | H13: =I13-G13 -> 52 | I13: 292 | J13: Assessment register submitted to council for Validation

Sheet Cuncolim
A1: Sr No | B1: Ward No | C1: Ward Boundary Mapping | D1: Digitlisation Of Polygon | E1: Generation of UPIC Number | F1: UPIC | G1: NIC Property | H1: Suspected New | I1: Total Survey | J1: Remark
A2: 1 | B2: 1 | C2: Completed | D2: Completed | E2: Completed | F2: 550 | G2: 402 | H2: =I2-G2 -> 91 | I2: 493 | J2: Assessment register submitted to council for Validation
A3: 2 | B3: 2 | C3: Completed | D3: Completed | E3: Completed | F3: 746 | G3: 541 | H3: =I3-G3 -> 113 | I3: 654 | J3: Survey Completed & Revisit of door lock properties going on
A4: 3 | B4: 3 | C4: Completed | D4: Completed | E4: Completed | F4: 377 | G4: 293 | H4: =I4-G4 -> 70 | I4: 363 | J4: Assessment register submitted to council for Validation
A5: 4 | B5: 4 | C5: Completed | D5: Completed | E5: Completed | F5: 635 | G5: 476 | H5: =I5-G5 -> 117 | I5: 593 | J5: Survey Completed & Revisit of door lock properties going on
A6: 5 | B6: 5 | C6: Completed | D6: Completed | E6: Completed | F6: 648 | G6: 512 | H6: =I6-G6 -> 111 | I6: 623 | J6: Survey Completed & Revisit of door lock properties going on | M6: `
A7: 6 | B7: 6 | C7: Completed | D7: Completed | E7: Completed | F7: 412 | G7: 345 | H7: =I7-G7 -> 87 | I7: 432 | J7: Assessment register submitted to council for Validation
A8: 7 | B8: 7 | C8: Completed | D8: Completed | E8: Completed | F8: 739 | G8: 520 | H8: =I8-G8 -> 97 | I8: 617 | J8: Assessment register submitted to council for Validation
A9: 8 | B9: 8 | C9: Completed | D9: Completed | E9: Completed | F9: 674 | G9: 489 | H9: =I9-G9 -> 112 | I9: 601 | J9: Survey Completed & Revisit of door lock properties going on
A10: 9 | B10: 9 | C10: Completed | D10: Completed | E10: Completed | F10: 518 | G10: 412 | H10: =I10-G10 -> 77 | I10: 489 | J10: Survey Completed & Revisit of door lock properties going on
A11: 10 | B11: 10 | C11: Completed | D11: Completed | E11: Completed | F11: 376 | G11: 188 | H11: =I11-G11 -> 24 | I11: 212 | J11: Survey Completed & Revisit of door lock properties going on
A12: 11 | B12: 11 | C12: Completed | D12: Completed | E12: Completed | F12: 238 | G12: 200 | H12: =I12-G12 -> 37 | I12: 237 | J12: Assessment register submitted to council for Validation
A13: 12 | B13: 12 | C13: Completed | D13: Completed | E13: Completed | F13: 318 | G13: 180 | H13: =I13-G13 -> 21 | I13: 201 | J13: Survey Completed & Revisit of door lock properties going on
A14: 13 | B14: 13 | C14: Completed | D14: Completed | E14: Completed | F14: 1124 | G14: 865 | H14: =I14-G14 -> 156 | I14: 1021 | J14: Survey Completed & Revisit of door lock properties going on
A15: 14 | B15: 14 | C15: Completed | D15: Completed | E15: Completed | F15: 358 | G15: 276 | H15: =I15-G15 -> 56 | I15: 332 | J15: Assessment register submitted to council for Validation
